{"cameraMode":{"drawMode":0,"name":"Shaded","section":"Shading Mode"},"sceneLighting":false,"audioPlay":false,"sceneViewState":{"showFog":true,"showMaterialUpdate":false,"showSkybox":false,"showFlares":true,"showImageEffects":true,"showParticleSystems":true},"in2DMode":false,"pivot":{"x":4.0,"y":0.859671413898468,"z":2.9802322387695315e-8},"rotation":{"x":-0.003808042500168085,"y":0.971846342086792,"z":-0.23505787551403047,"w":-0.015744350850582124},"size":1.0368367433547974,"orthographic":false}